nodenum,timeGE,timeLEMP
64,0.212773,0.0004748
81,0.348655,0.00053899
100,0.55974,0.0006914
121,0.99467,0.0008903
144,2.19769,0.001225
169,4.07545,0.0015229
